{
    "mXX-800_mA-5_lxy-3_ctau-0p5": 2.127238017060451e-06, 
    "mXX-150_mA-0p25_lxy-0p3_ctau-0p013": 0.0, 
    "mXX-100_mA-1p2_lxy-150_ctau-48": 4.134152101108974e-07, 
    "mXX-500_mA-0p25_lxy-30_ctau-0p4": 0.0013143818463654093, 
    "mXX-150_mA-0p25_lxy-150_ctau-6p7": 3.777722150740064e-06, 
    "mXX-100_mA-0p25_lxy-150_ctau-10": 1.4294984343200964e-06, 
    "mXX-150_mA-5_lxy-150_ctau-130": 3.621946761719666e-07, 
    "mXX-150_mA-0p25_lxy-300_ctau-13": 2.9411512483670178e-06, 
    "mXX-1000_mA-0p25_lxy-3_ctau-0p02": 5.00009387937225e-06, 
    "mXX-150_mA-1p2_lxy-150_ctau-32": 1.282465840742815e-06, 
    "mXX-100_mA-1p2_lxy-30_ctau-9p6": 4.866508648546248e-07, 
    "mXX-150_mA-5_lxy-3_ctau-2p7": 0.035364284184270726, 
    "mXX-500_mA-0p25_lxy-150_ctau-2": 0.0, 
    "mXX-1000_mA-0p25_lxy-150_ctau-1": 4.444179471502782e-06, 
    "mXX-150_mA-5_lxy-0p3_ctau-0p27": 3.293037739820293e-07, 
    "mXX-500_mA-5_lxy-3_ctau-0p8": 0.0, 
    "mXX-100_mA-5_lxy-0p3_ctau-0p4": 9.342998307578553e-08, 
    "mXX-200_mA-1p2_lxy-300_ctau-48": 3.139670792605504e-06, 
    "mXX-200_mA-5_lxy-150_ctau-100": 8.933144420048287e-07, 
    "mXX-100_mA-5_lxy-3_ctau-4": 0.009608741664565401, 
    "mXX-800_mA-1p2_lxy-30_ctau-1p2": 8.65604097264016e-06, 
    "mXX-150_mA-1p2_lxy-0p3_ctau-0p064": 1.7864842595652608e-06, 
    "mXX-200_mA-1p2_lxy-0p3_ctau-0p048": 0.0013084695219203971, 
    "mXX-1000_mA-1p2_lxy-30_ctau-0p96": 2.9444133568199697e-06, 
    "mXX-800_mA-0p25_lxy-0p3_ctau-0p0025": 1.5018935119503425e-05, 
    "mXX-800_mA-1p2_lxy-0p3_ctau-0p012": 9.233111109359665e-06, 
    "mXX-1000_mA-1p2_lxy-3_ctau-0p096": 2.9032580259631085e-06, 
    "mXX-1000_mA-1p2_lxy-150_ctau-4p8": 2.7655723374152365e-06, 
    "mXX-500_mA-0p25_lxy-300_ctau-4": 0.0010679372576186724, 
    "mXX-1000_mA-0p25_lxy-300_ctau-2": 0.34738492664808357, 
    "mXX-500_mA-0p25_lxy-3_ctau-0p04": 0.0013144068237374209, 
    "mXX-200_mA-0p25_lxy-150_ctau-5": 9.143922537881245e-06, 
    "mXX-500_mA-5_lxy-30_ctau-8": 0.00015125289054050863, 
    "mXX-500_mA-1p2_lxy-3_ctau-0p19": 0.0006569100683393451, 
    "mXX-150_mA-5_lxy-30_ctau-27": 3.5395038083873056e-07, 
    "mXX-800_mA-5_lxy-300_ctau-50": 0.2115761594675792, 
    "mXX-200_mA-0p25_lxy-0p3_ctau-0p01": 1.086500030869439, 
    "mXX-150_mA-5_lxy-300_ctau-270": 2.0583149832354143e-07, 
    "mXX-1000_mA-0p25_lxy-30_ctau-0p2": 4.444493170351267e-06, 
    "mXX-800_mA-0p25_lxy-100_ctau-1p2": 1.2202306119755974e-05, 
    "mXX-500_mA-1p2_lxy-30_ctau-1p9": 0.0015792420125246426, 
    "mXX-1000_mA-1p2_lxy-0p3_ctau-0p0096": 2.7325252083472704e-06, 
    "mXX-200_mA-5_lxy-3_ctau-2": 0.10260414329258802, 
    "mXX-1000_mA-5_lxy-30_ctau-4": 6.320232844059886e-07, 
    "mXX-200_mA-0p25_lxy-3_ctau-0p1": 1.0831240597740395, 
    "mXX-200_mA-5_lxy-0p3_ctau-0p2": 1.3933575446232109e-06, 
    "mXX-100_mA-1p2_lxy-0p3_ctau-0p096": 4.832703847713578e-07, 
    "mXX-100_mA-5_lxy-150_ctau-200": 9.345508578404762e-08, 
    "mXX-1000_mA-0p25_lxy-0p3_ctau-0p002": 4.60549613561702e-06, 
    "mXX-500_mA-1p2_lxy-0p3_ctau-0p019": 0.0007575664911864792, 
    "mXX-100_mA-0p25_lxy-30_ctau-2": 1.4294534305266623e-06, 
    "mXX-500_mA-5_lxy-0p3_ctau-0p08": 0.00016288579979520593, 
    "mXX-100_mA-5_lxy-30_ctau-40": 9.345115943791056e-08, 
    "mXX-150_mA-1p2_lxy-3_ctau-0p64": 1.7866966362174751e-06, 
    "mXX-1000_mA-1p2_lxy-300_ctau-9p6": 2.2200744430592003e-06, 
    "mXX-800_mA-5_lxy-30_ctau-5": 5.256419951493856e-06, 
    "mXX-500_mA-5_lxy-300_ctau-80": 0.0012418746892210806, 
    "mXX-150_mA-0p25_lxy-3_ctau-0p13": 0.4302089967544607, 
    "mXX-100_mA-1p2_lxy-300_ctau-96": 2.704467942073566e-07, 
    "mXX-500_mA-0p25_lxy-0p3_ctau-0p004": 0.0, 
    "mXX-150_mA-1p2_lxy-30_ctau-6p4": 1.7866966696008785e-06, 
    "mXX-800_mA-0p25_lxy-30_ctau-0p25": 1.5018457435658856e-05, 
    "mXX-500_mA-1p2_lxy-150_ctau-9p6": 0.0007576008999222697, 
    "mXX-150_mA-0p25_lxy-30_ctau-1p3": 3.7779591782029347e-06, 
    "mXX-500_mA-1p2_lxy-300_ctau-19": 0.0005587326616251042, 
    "mXX-1000_mA-5_lxy-3_ctau-0p4": 5.807627630741606e-07, 
    "mXX-200_mA-0p25_lxy-30_ctau-1": 1.1297798253978924e-05, 
    "mXX-800_mA-5_lxy-0p3_ctau-0p05": 2.393220779111782e-06, 
    "mXX-200_mA-1p2_lxy-30_ctau-4p8": 5.621618568022622e-06, 
    "mXX-1000_mA-5_lxy-300_ctau-40": 5.207841775694024e-07, 
    "mXX-100_mA-0p25_lxy-300_ctau-20": 1.377635743670071e-06, 
    "mXX-1000_mA-5_lxy-150_ctau-20": 5.114567733986389e-07, 
    "mXX-150_mA-1p2_lxy-300_ctau-64": 8.93309711872e-07, 
    "mXX-100_mA-5_lxy-300_ctau-400": 0.009608741664565401, 
    "mXX-200_mA-0p25_lxy-300_ctau-10": 5.626266987952325e-06, 
    "mXX-200_mA-1p2_lxy-150_ctau-24": 4.324034212864e-06, 
    "mXX-800_mA-1p2_lxy-300_ctau-12": 0.6598527202643968, 
    "mXX-1000_mA-5_lxy-0p3_ctau-0p04": 6.294994443943406e-07, 
    "mXX-800_mA-1p2_lxy-3_ctau-0p12": 7.87818079770748e-06, 
    "mXX-100_mA-1p2_lxy-3_ctau-0p96": 4.05590290733861e-07, 
    "mXX-200_mA-5_lxy-300_ctau-200": 8.133087943845832e-07, 
    "mXX-100_mA-0p25_lxy-3_ctau-0p2": 1.4293366081410963e-06, 
    "mXX-800_mA-0p25_lxy-300_ctau-2p5": 1.2202879232411816e-05, 
    "mXX-800_mA-5_lxy-150_ctau-25": 1.994279694843584e-06, 
    "mXX-100_mA-0p25_lxy-0p3_ctau-0p02": 1.6312346449804237e-06, 
    "mXX-800_mA-0p25_lxy-3_ctau-0p025": 6.254067823358718e-05, 
    "mXX-800_mA-1p2_lxy-150_ctau-6": 8.879394971929141e-06, 
    "mXX-500_mA-5_lxy-150_ctau-40": 0.00015124435311097018, 
    "mXX-200_mA-1p2_lxy-3_ctau-0p48": 0.47503839862523906
}