{
    "mXX-800_mA-5_lxy-3_ctau-0p5": 3.3634957177448295e-05, 
    "mXX-150_mA-0p25_lxy-0p3_ctau-0p013": 9.616962928395999e-06, 
    "mXX-100_mA-1p2_lxy-150_ctau-48": 8.114302252782267e-07, 
    "mXX-500_mA-0p25_lxy-30_ctau-0p4": 0.0029452758382773093, 
    "mXX-150_mA-0p25_lxy-150_ctau-6p7": 8.014094883807811e-06, 
    "mXX-100_mA-0p25_lxy-150_ctau-10": 3.7825814719567214e-06, 
    "mXX-150_mA-5_lxy-150_ctau-130": 0.0, 
    "mXX-150_mA-0p25_lxy-300_ctau-13": 6.410986645699148e-06, 
    "mXX-1000_mA-0p25_lxy-3_ctau-0p02": 1.572653544519438e-05, 
    "mXX-150_mA-1p2_lxy-150_ctau-32": 2.9630109425942317e-06, 
    "mXX-100_mA-1p2_lxy-30_ctau-9p6": 9.347727768918209e-07, 
    "mXX-150_mA-5_lxy-3_ctau-2p7": 8.230944559275057e-07, 
    "mXX-500_mA-0p25_lxy-150_ctau-2": 0.0, 
    "mXX-1000_mA-0p25_lxy-150_ctau-1": 1.302305237152936e-05, 
    "mXX-150_mA-5_lxy-0p3_ctau-0p27": 6.585589328619819e-07, 
    "mXX-500_mA-5_lxy-3_ctau-0p8": 33.21041163910042, 
    "mXX-100_mA-5_lxy-0p3_ctau-0p4": 1.8690755176051847e-07, 
    "mXX-200_mA-1p2_lxy-300_ctau-48": 5.1899612748841535e-06, 
    "mXX-200_mA-5_lxy-30_ctau-20": 1.9922938296129142e-06, 
    "mXX-200_mA-5_lxy-150_ctau-100": 0.0, 
    "mXX-100_mA-5_lxy-3_ctau-4": 1.8687928452291964e-07, 
    "mXX-800_mA-1p2_lxy-30_ctau-1p2": 1.8805215905624062, 
    "mXX-150_mA-1p2_lxy-0p3_ctau-0p064": 3.78202503044335e-06, 
    "mXX-200_mA-1p2_lxy-0p3_ctau-0p048": 8.485596894225406e-06, 
    "mXX-1000_mA-1p2_lxy-30_ctau-0p96": 5.808243913949744e-06, 
    "mXX-800_mA-0p25_lxy-0p3_ctau-0p0025": 0.0, 
    "mXX-800_mA-1p2_lxy-0p3_ctau-0p012": 1.8473707352556663e-05, 
    "mXX-1000_mA-1p2_lxy-3_ctau-0p096": 6.149683738822292e-06, 
    "mXX-1000_mA-1p2_lxy-150_ctau-4p8": 4.814740492716762e-06, 
    "mXX-500_mA-0p25_lxy-300_ctau-4": 0.0022652667829914756, 
    "mXX-1000_mA-0p25_lxy-300_ctau-2": 9.959502336991201e-06, 
    "mXX-500_mA-0p25_lxy-3_ctau-0p04": 0.0037757245228214314, 
    "mXX-200_mA-0p25_lxy-150_ctau-5": 2.1337505552516234e-05, 
    "mXX-500_mA-5_lxy-30_ctau-8": 0.00030078902648976214, 
    "mXX-500_mA-1p2_lxy-3_ctau-0p19": 0.0, 
    "mXX-150_mA-5_lxy-30_ctau-27": 6.563192960903875e-07, 
    "mXX-800_mA-5_lxy-300_ctau-50": 5.0820889870413886e-06, 
    "mXX-200_mA-0p25_lxy-0p3_ctau-0p01": 2.5214310197306392e-05, 
    "mXX-150_mA-5_lxy-300_ctau-270": 4.938836019510334e-07, 
    "mXX-1000_mA-0p25_lxy-30_ctau-0p2": 1.3789616629629354e-05, 
    "mXX-800_mA-0p25_lxy-100_ctau-1p2": 4.0140605928596385, 
    "mXX-500_mA-1p2_lxy-30_ctau-1p9": 0.0016753194226332454, 
    "mXX-1000_mA-1p2_lxy-0p3_ctau-0p0096": 5.807821607920228e-06, 
    "mXX-200_mA-5_lxy-3_ctau-2": 1.9921574590586364e-06, 
    "mXX-1000_mA-5_lxy-30_ctau-4": 1.3376936142923403e-06, 
    "mXX-200_mA-0p25_lxy-3_ctau-0p1": 2.4439650300032087, 
    "mXX-200_mA-5_lxy-0p3_ctau-0p2": 0.0, 
    "mXX-100_mA-1p2_lxy-0p3_ctau-0p096": 1.0818915227779688e-06, 
    "mXX-100_mA-5_lxy-150_ctau-200": 1.5575938638723277e-07, 
    "mXX-1000_mA-0p25_lxy-0p3_ctau-0p002": 1.1308350413292908e-05, 
    "mXX-500_mA-1p2_lxy-0p3_ctau-0p019": 0.0014521949684266186, 
    "mXX-100_mA-0p25_lxy-30_ctau-2": 2.4256428030256355e-06, 
    "mXX-500_mA-5_lxy-0p3_ctau-0p08": 0.0005445880484366617, 
    "mXX-100_mA-5_lxy-30_ctau-40": 4.955596016716064e-07, 
    "mXX-150_mA-1p2_lxy-3_ctau-0p64": 2.859739738714534e-06, 
    "mXX-1000_mA-1p2_lxy-300_ctau-9p6": 4.4412945563173065e-06, 
    "mXX-800_mA-5_lxy-30_ctau-5": 0.4216101023649536, 
    "mXX-500_mA-5_lxy-300_ctau-80": 0.000341698679450228, 
    "mXX-150_mA-0p25_lxy-3_ctau-0p13": 1.0417787885237418e-05, 
    "mXX-100_mA-1p2_lxy-300_ctau-96": 6.763263531291041e-07, 
    "mXX-500_mA-0p25_lxy-0p3_ctau-0p004": 0.003624734297099981, 
    "mXX-150_mA-1p2_lxy-30_ctau-6p4": 3.2166317812488263e-06, 
    "mXX-800_mA-0p25_lxy-30_ctau-0p25": 4.407532750305017e-05, 
    "mXX-500_mA-1p2_lxy-150_ctau-9p6": 0.0015695009996230557, 
    "mXX-150_mA-0p25_lxy-30_ctau-1p3": 0.9121913575776277, 
    "mXX-500_mA-1p2_lxy-300_ctau-19": 101.03750504064, 
    "mXX-1000_mA-5_lxy-3_ctau-0p4": 0.12978327323987088, 
    "mXX-800_mA-5_lxy-0p3_ctau-0p05": 3.530337467066394e-06, 
    "mXX-200_mA-1p2_lxy-30_ctau-4p8": 9.516209910941063e-06, 
    "mXX-1000_mA-5_lxy-300_ctau-40": 0.08959090269850674, 
    "mXX-100_mA-0p25_lxy-300_ctau-20": 3.3750988726791915e-06, 
    "mXX-1000_mA-5_lxy-150_ctau-20": 1.0228765994851696e-06, 
    "mXX-150_mA-1p2_lxy-300_ctau-64": 2.1970545308595014e-06, 
    "mXX-100_mA-5_lxy-300_ctau-400": 2.063949063834659e-07, 
    "mXX-200_mA-0p25_lxy-300_ctau-10": 1.6009910601306734, 
    "mXX-200_mA-1p2_lxy-150_ctau-24": 6.92043688704506e-06, 
    "mXX-800_mA-1p2_lxy-300_ctau-12": 1.5008400591255984e-05, 
    "mXX-1000_mA-5_lxy-0p3_ctau-0p04": 1.3376433568592347e-06, 
    "mXX-800_mA-1p2_lxy-3_ctau-0p12": 1.847343286985806e-05, 
    "mXX-100_mA-1p2_lxy-3_ctau-0p96": 0.08663462006388671, 
    "mXX-200_mA-5_lxy-300_ctau-200": 2.134861992344021e-06, 
    "mXX-100_mA-0p25_lxy-3_ctau-0p2": 3.942322472941573e-06, 
    "mXX-800_mA-0p25_lxy-300_ctau-2p5": 3.365360769325304e-05, 
    "mXX-100_mA-0p25_lxy-0p3_ctau-0p02": 3.0504255408501123e-06, 
    "mXX-800_mA-0p25_lxy-3_ctau-0p025": 4.400817158031553e-05, 
    "mXX-800_mA-1p2_lxy-150_ctau-6": 1.87550147309804e-05, 
    "mXX-500_mA-5_lxy-150_ctau-40": 0.0, 
    "mXX-200_mA-1p2_lxy-3_ctau-0p48": 1.124492078795078e-05
}