{
    "WJets": {
        "WJets_HT-600To800": 6.435775439292153e-07, 
        "WJets_HT-2500ToInf": 2.502514775817612e-09, 
        "WJets_HT-400To600": 9.719971298127387e-06, 
        "WJets_HT-800To1200": 6.390603838368433e-07, 
        "WJets_HT-100To200": 4.730822138014388e-05, 
        "WJets_HT-1200To2500": 1.4245698856864948e-07
    }, 
    "DiBoson": {
        "WW": 9.589316088933962e-06, 
        "WZ": 7.092898139192334e-06, 
        "ZZ": 6.135103174572404e-06
    }, 
    "DYJetsToLL": {
        "DYJetsToLL-M-10to50": 0.0004012565315529622, 
        "DYJetsToLL_M-50": 6.081373392594168e-05
    }, 
    "Top": {
        "TTJets": 4.8003330609674736e-05, 
        "ST_t-channel_antitop": 2.5299489431883676e-07, 
        "ST_tW_antitop": 1.3000563120116486e-07, 
        "ST_t-channel_top": 1.449592152252502e-07
    }, 
    "QCD": {
        "QCD_Pt-20to30": 0.08251443020250356, 
        "QCD_Pt-15to20": 0.6120816054479281, 
        "QCD_Pt-80to120": 0.003551178543978799, 
        "QCD_Pt-470to600": 2.883717224436532e-06, 
        "QCD_Pt-120to170": 0.0009959439130086444, 
        "QCD_Pt-800to1000": 1.9538504452250463e-07, 
        "QCD_Pt-50to80": 0.018496912228811616, 
        "QCD_Pt-170to300": 0.0002287776986396823, 
        "QCD_Pt-1000toInf": 9.789138916948082e-08, 
        "QCD_Pt-600to800": 1.076875469800984e-06, 
        "QCD_Pt-30to50": 0.044756488228484964, 
        "QCD_Pt-300to470": 2.1018315446936155e-05
    }
}