{
    "mXX-1000_mA-5_lxy-300": 3.1476170364607085e-06, 
    "mXX-800_mA-5_lxy-300": 1.0636352854305639e-05, 
    "mXX-500_mA-1p2_lxy-300": 0.0040416560996429434, 
    "mXX-150_mA-5_lxy-300": 3.292311649916748e-06, 
    "mXX-1000_mA-0p25_lxy-300": 3.064315386194125e-05, 
    "mXX-800_mA-1p2_lxy-300": 4.6178571639224214e-05, 
    "mXX-100_mA-1p2_lxy-300": 5.409085080274697e-06, 
    "mXX-150_mA-1p2_lxy-300": 1.4298237808331306e-05, 
    "mXX-100_mA-0p25_lxy-300": 1.2128577232328245e-05, 
    "mXX-100_mA-5_lxy-300": 1.2456265896309101e-06, 
    "mXX-200_mA-1p2_lxy-300": 3.459895322127562e-05, 
    "mXX-800_mA-0p25_lxy-300": 0.00010355200885599976, 
    "mXX-1000_mA-1p2_lxy-300": 1.3666141595904e-05, 
    "mXX-500_mA-5_lxy-300": 0.0009307481524475163, 
    "mXX-200_mA-5_lxy-300": 7.9701557043419e-06, 
    "mXX-1000_mA-0p25_lxy-0p3": 3.1268631310141085e-05, 
    "mXX-150_mA-0p25_lxy-300": 3.205898494332217e-05, 
    "mXX-200_mA-0p25_lxy-300": 7.759332316793504e-05, 
    "mXX-500_mA-0p25_lxy-300": 0.009061835742749954, 
    "mXX-100_mA-5_lxy-0p3": 1.2459458864220528e-06
}