{
    "TTJets": {
        "TTJets": 4.8003330609674736e-05
    }, 
    "DiBoson": {
        "WW": 9.589316136253044e-06, 
        "WZ": 7.092898139192334e-06, 
        "ZZ": 6.135103174572404e-06
    }, 
    "DYJetsToLL": {
        "DYJetsToLL_M-50_NLO": 1.9092978237195498e-09
    }, 
    "QCD": {
        "QCD_Pt-20to30": 0.0921605589351827, 
        "QCD_Pt-15to20": 0.6120816054479281, 
        "QCD_Pt-80to120": 0.0035511785506259874, 
        "QCD_Pt-470to600": 3.978645640379647e-06, 
        "QCD_Pt-120to170": 0.001232430794108744, 
        "QCD_Pt-800to1000": 1.9538504452250463e-07, 
        "QCD_Pt-50to80": 0.018496912228811616, 
        "QCD_Pt-170to300": 0.0024287904795544384, 
        "QCD_Pt-1000toInf": 1.0860320425646629e-07, 
        "QCD_Pt-600to800": 1.076875469800984e-06, 
        "QCD_Pt-30to50": 0.044756488228484964, 
        "QCD_Pt-300to470": 2.9156560060779054e-05
    }
}