{
    "TTJets": {
        "TTJets": 4.8003330609674736e-05
    }, 
    "DiBoson": {
        "WW": 1.0006245149731334e-05, 
        "WZ": 7.092898139192334e-06, 
        "ZZ": 6.135103174572404e-06
    }, 
    "DYJetsToLL": {
        "DYJetsToLL-M-10to50": 0.00040151033075065543
    }, 
    "QCD": {
        "QCD_Pt-50to80": 0.018496912228811616, 
        "QCD_Pt-600to800": 1.076875469800984e-06, 
        "QCD_Pt-120to170": 0.001765695162835269, 
        "QCD_Pt-800to1000": 1.9538504452250463e-07, 
        "QCD_Pt-170to300": 0.010628809723967325, 
        "QCD_Pt-470to600": 4.73281699023078e-06, 
        "QCD_Pt-80to120": 0.003551178584969796, 
        "QCD_Pt-1000toInf": 9.789138916948082e-08, 
        "QCD_Pt-300to470": 0.00025340839018575274
    }
}