{
    "mXX-1000_mA-0p25_lxy-300": 1.1111661301424185e-05,
    "mXX-1000_mA-1p2_lxy-300": 6.830562177019032e-06,
    "mXX-1000_mA-5_lxy-300": 1.573808447312711e-06,
    "mXX-100_mA-0p25_lxy-300": 4.398547732975418e-06,
    "mXX-100_mA-1p2_lxy-300": 2.7037287209685954e-06,
    "mXX-100_mA-5_lxy-300": 6.229330090480001e-07,
    "mXX-150_mA-0p25_lxy-300": 1.1625050417583743e-05,
    "mXX-150_mA-1p2_lxy-300": 7.146937305092083e-06,
    "mXX-150_mA-5_lxy-300": 1.6466052894877356e-06,
    "mXX-200_mA-0p25_lxy-300": 2.8707892547342826e-05,
    "mXX-200_mA-1p2_lxy-300": 1.7296136851456e-05,
    "mXX-200_mA-5_lxy-300": 3.984853851879894e-06,
    "mXX-500_mA-0p25_lxy-300": 0.0032858612870250246,
    "mXX-500_mA-1p2_lxy-300": 0.0020201371951104005,
    "mXX-500_mA-5_lxy-300": 0.00046535586149109827,
    "mXX-800_mA-0p25_lxy-300": 3.7545989934854556e-05,
    "mXX-800_mA-1p2_lxy-300": 2.3084657496445138e-05,
    "mXX-800_mA-5_lxy-300": 5.317614417054842e-06,
    "mXX-1000_mA-0p25_lxy-0p3": 1.1337842506311532e-05,
    "mXX-100_mA-5_lxy-0p3": 6.228530279208192e-07
}