{
    "TTJets": {
        "TTJets": 0.00015781573213433556
    }, 
    "DiBoson": {
        "WW": 9.589316088933962e-06, 
        "WZ": 7.092898139192334e-06, 
        "ZZ": 6.135103174572404e-06
    }, 
    "DYJetsToLL": {
        "DYJetsToLL-M-10to50": 0.00040151033075065543, 
        "DYJetsToLL_M-50": 5.3112490770106265e-05
    }, 
    "QCD": {
        "QCD_Pt-20to30": 0.08251443020250356, 
        "QCD_Pt-15to20": 0.6120816054479281, 
        "QCD_Pt-80to120": 0.0035105231820064006, 
        "QCD_Pt-470to600": 2.883717224436532e-06, 
        "QCD_Pt-120to170": 0.0009959439130086444, 
        "QCD_Pt-800to1000": 1.9538504452250463e-07, 
        "QCD_Pt-50to80": 0.018496912228811616, 
        "QCD_Pt-170to300": 0.0002287776986396823, 
        "QCD_Pt-1000toInf": 9.789138916948082e-08, 
        "QCD_Pt-600to800": 1.076875469800984e-06, 
        "QCD_Pt-30to50": 0.044756488228484964, 
        "QCD_Pt-300to470": 2.1018315446936155e-05
    }
}